timestamp,gas_price
04/14/2015,22.1
04/15/2015,22.25
04/16/2015,22.17
04/17/2015,21.43
04/18/2015,21.55333333
04/19/2015,21.67666667
04/20/2015,21.8
04/21/2015,21.75
04/22/2015,21.45
04/23/2015,21.6
04/24/2015,21.75
04/25/2015,21.73333333
04/26/2015,21.71666667
04/27/2015,21.7
04/28/2015,21.6
04/29/2015,21.3
04/30/2015,20.75
05/01/2015,20.1
05/02/2015,20.33333333
05/03/2015,20.56666667
05/04/2015,20.8
05/05/2015,20.2
05/06/2015,20.25
05/07/2015,20.2
05/08/2015,20.33
05/09/2015,20.58666667
05/10/2015,20.84333333
05/11/2015,21.1
05/12/2015,20.9
05/13/2015,20.7
05/14/2015,20.73
05/15/2015,20.4
05/16/2015,20.5
05/17/2015,20.6
05/18/2015,20.7
05/19/2015,20.55
05/20/2015,20.53
05/21/2015,20.53
05/22/2015,20.45
05/23/2015,20.48333333
05/24/2015,20.51666667
05/25/2015,20.55
05/26/2015,20.55
05/27/2015,20.7
05/28/2015,20.65
05/29/2015,20.6
05/30/2015,20.57666667
05/31/2015,20.55333333
06/01/2015,20.53
06/02/2015,20.35
06/03/2015,20.28
06/04/2015,20.25
06/05/2015,20.3
06/06/2015,20.46666667
06/07/2015,20.63333333
06/08/2015,20.8
06/09/2015,20.65
06/10/2015,20.68
06/11/2015,20.25
06/12/2015,20.23
06/13/2015,20.25333333
06/14/2015,20.27666667
06/15/2015,20.3
06/16/2015,20.55
06/17/2015,20.33
06/18/2015,20.4
06/19/2015,20.63
06/20/2015,20.68666667
06/21/2015,20.74333333
06/22/2015,20.8
06/23/2015,21
06/24/2015,20.9
06/25/2015,20.58
06/26/2015,20.48
06/27/2015,20.44666667
06/28/2015,20.41333333
06/29/2015,20.38
06/30/2015,20.78
07/01/2015,20.7
07/02/2015,21.03
07/03/2015,20.9
07/04/2015,20.93333333
07/05/2015,20.96666667
07/06/2015,21
07/07/2015,20.85
07/08/2015,20.55
07/09/2015,21
07/10/2015,20.83
07/11/2015,20.90333333
07/12/2015,20.97666667
07/13/2015,21.05
07/14/2015,21.1
07/15/2015,21.4
07/16/2015,21.05
07/17/2015,21.05
07/18/2015,21.06666667
07/19/2015,21.08333333
07/20/2015,21.1
07/21/2015,21
07/22/2015,20.83
07/23/2015,20.5
07/24/2015,20.45
07/25/2015,20.48333333
07/26/2015,20.51666667
07/27/2015,20.55
07/28/2015,20.77
07/29/2015,20.73
07/30/2015,20.9
07/31/2015,20.4
08/01/2015,20.42666667
08/02/2015,20.45333333
08/03/2015,20.48
08/04/2015,19.95
08/05/2015,20.28
08/06/2015,20.45
08/07/2015,19.95
08/08/2015,19.97333333
08/09/2015,19.99666667
08/10/2015,20.02
08/11/2015,19.95
08/12/2015,19.55
08/13/2015,19.65
08/14/2015,19.65
08/15/2015,19.6
08/16/2015,19.55
08/17/2015,19.5
08/18/2015,19.6
08/19/2015,19.2
08/20/2015,19.15
08/21/2015,19.08
08/22/2015,18.93
08/23/2015,18.78
08/24/2015,18.63
08/25/2015,18.88
08/26/2015,18.9
08/27/2015,19.25
08/28/2015,19.48
08/29/2015,19.48666667
08/30/2015,19.49333333
08/31/2015,19.5
09/01/2015,19.8
09/02/2015,19.85
09/03/2015,20.1
09/04/2015,19.35
09/05/2015,19.32666667
09/06/2015,19.30333333
09/07/2015,19.28
09/08/2015,19.38
09/09/2015,19.4
09/10/2015,19.25
09/11/2015,19.4
09/12/2015,19.3
09/13/2015,19.2
09/14/2015,19.1
09/15/2015,19
09/16/2015,19.25
09/17/2015,19.1
09/18/2015,18.98
09/19/2015,18.98666667
09/20/2015,18.99333333
09/21/2015,19
09/22/2015,19.08
09/23/2015,19.2
09/24/2015,18.6
09/25/2015,18.75
09/26/2015,18.7
09/27/2015,18.65
09/28/2015,18.6
09/29/2015,18.65
09/30/2015,18.4
10/01/2015,18
10/02/2015,17.7
10/03/2015,17.71666667
10/04/2015,17.73333333
10/05/2015,17.75
10/06/2015,18.15
10/07/2015,18.42
10/08/2015,18.67
10/09/2015,18.75
10/10/2015,18.72666667
10/11/2015,18.70333333
10/12/2015,18.68
10/13/2015,18.4
10/14/2015,18.25
10/15/2015,18.5
10/16/2015,18.33
10/17/2015,18.47
10/18/2015,18.61
10/19/2015,18.75
10/20/2015,18.35
10/21/2015,18.25
10/22/2015,18.3
10/23/2015,18.25
10/24/2015,18.13333333
10/25/2015,18.01666667
10/26/2015,17.9
10/27/2015,17.98
10/28/2015,18
10/29/2015,18.15
10/30/2015,17.83
10/31/2015,17.78666667
11/01/2015,17.74333333
11/02/2015,17.7
11/03/2015,17.5
11/04/2015,17.4
11/05/2015,17.08
11/06/2015,17.2
11/07/2015,16.96
11/08/2015,16.72
11/09/2015,16.48
11/10/2015,16.63
11/11/2015,16.35
11/12/2015,16.2
11/13/2015,15.98
11/14/2015,16.25333333
11/15/2015,16.52666667
11/16/2015,16.8
11/17/2015,17.05
11/18/2015,17.3
11/19/2015,17.3
11/20/2015,17.5
11/21/2015,17.53333333
11/22/2015,17.56666667
11/23/2015,17.6
11/24/2015,17.7
11/25/2015,17.88
11/26/2015,17.7
11/27/2015,17.7
11/28/2015,17.86666667
11/29/2015,18.03333333
11/30/2015,18.2
12/01/2015,17.95
12/02/2015,17.85
12/03/2015,17.15
12/04/2015,17.15
12/05/2015,17.02666667
12/06/2015,16.90333333
12/07/2015,16.78
12/08/2015,16.75
12/09/2015,16.65
12/10/2015,16.5
12/11/2015,16.23
12/12/2015,16.18
12/13/2015,16.13
12/14/2015,16.08
12/15/2015,15.95
12/16/2015,15.25
12/17/2015,15.5
12/18/2015,14.9
12/19/2015,14.71666667
12/20/2015,14.53333333
12/21/2015,14.35
12/22/2015,13.85
12/23/2015,13.93
12/24/2015,14.2
12/25/2015,14.2
12/26/2015,14.27333333
12/27/2015,14.34666667
12/28/2015,14.42
12/29/2015,15.4
12/30/2015,14.3
12/31/2015,14.4
01/01/2016,14.62
01/02/2016,14.64
01/03/2016,14.66
01/04/2016,14.68
01/05/2016,14.7
01/06/2016,15.18
01/07/2016,15.38
01/08/2016,14.57
01/09/2016,14.54
01/10/2016,14.51
01/11/2016,14.48
01/12/2016,14.05
01/13/2016,14.25
01/14/2016,13.82
01/15/2016,13.43
01/16/2016,13.49666667
01/17/2016,13.56333333
01/18/2016,13.63
01/19/2016,13.7
01/20/2016,13.05
01/21/2016,12.98
01/22/2016,13.5
01/23/2016,13.25666667
01/24/2016,13.01333333
01/25/2016,12.77
01/26/2016,13.05
01/27/2016,13.4
01/28/2016,13.75
01/29/2016,13
01/30/2016,12.94
01/31/2016,12.88
02/01/2016,12.82
02/02/2016,13.05
02/03/2016,13.15
02/04/2016,12.45
02/05/2016,12.7
02/06/2016,12.55
02/07/2016,12.4
02/08/2016,12.25
02/09/2016,12.18
02/10/2016,12.18
02/11/2016,12
02/12/2016,12.15
02/13/2016,12.26666667
02/14/2016,12.38333333
02/15/2016,12.5
02/16/2016,12.58
02/17/2016,12.32
02/18/2016,12.35
02/19/2016,12.23
02/20/2016,12.37
02/21/2016,12.51
02/22/2016,12.65
02/23/2016,12.7
02/24/2016,12.48
02/25/2016,12.27
02/26/2016,12.25
02/27/2016,12.41666667
02/28/2016,12.58333333
02/29/2016,12.75
03/01/2016,12.55
03/02/2016,12.6
03/03/2016,12.5
03/04/2016,12.28
03/05/2016,12.34666667
03/06/2016,12.41333333
03/07/2016,12.48
03/08/2016,12.35
03/09/2016,12.3
03/10/2016,12.13
03/11/2016,12.4
03/12/2016,12.37666667
03/13/2016,12.35333333
03/14/2016,12.33
03/15/2016,12.25
03/16/2016,12.4
03/17/2016,12.38
03/18/2016,12.28
03/19/2016,12.18666667
03/20/2016,12.09333333
03/21/2016,12
03/22/2016,12.15
03/23/2016,12.05
03/24/2016,11.95
03/25/2016,12.13
03/26/2016,12.16
03/27/2016,12.19
03/28/2016,12.22
03/29/2016,11.93
03/30/2016,12.1
03/31/2016,12.4
04/01/2016,11.53
04/02/2016,11.48666667
04/03/2016,11.44333333
04/04/2016,11.4
04/05/2016,11.35
04/06/2016,11.32
04/07/2016,11.43
04/08/2016,11.2
04/09/2016,11.11666667
04/10/2016,11.03333333
04/11/2016,10.95
04/12/2016,11.5
04/13/2016,11.35
04/14/2016,11.28
04/15/2016,11.27
04/16/2016,11.27
04/17/2016,11.27
04/18/2016,11.27
04/19/2016,11.27
04/20/2016,11.95
04/21/2016,11.95
04/22/2016,13.28
04/23/2016,13.27
04/24/2016,13.26
04/25/2016,13.25
04/26/2016,13.6
04/27/2016,14.45
04/28/2016,13.08
04/29/2016,12.9
04/30/2016,12.81666667
05/01/2016,12.73333333
05/02/2016,12.65
05/03/2016,12.18
05/04/2016,12.3
05/05/2016,12.6
05/06/2016,12.75
05/07/2016,12.81666667
05/08/2016,12.88333333
05/09/2016,12.95
05/10/2016,12.82
05/11/2016,13
05/12/2016,12.73
05/13/2016,12.9
05/14/2016,12.96666667
05/15/2016,13.03333333
05/16/2016,13.1
05/17/2016,13.07
05/18/2016,13.15
05/19/2016,12.9
05/20/2016,12.85
05/21/2016,12.84333333
05/22/2016,12.83666667
05/23/2016,12.83
05/24/2016,13.02
05/25/2016,13.18
05/26/2016,13.6
05/27/2016,14.1
05/28/2016,14.08
05/29/2016,14.06
05/30/2016,14.04
05/31/2016,14.18
06/01/2016,14.35
06/02/2016,14.68
06/03/2016,14.28
06/04/2016,14.38666667
06/05/2016,14.49333333
06/06/2016,14.6
06/07/2016,14.93
06/08/2016,14.53
06/09/2016,14.32
06/10/2016,13.85
06/11/2016,13.82666667
06/12/2016,13.80333333
06/13/2016,13.78
06/14/2016,14.13
06/15/2016,14.1
06/16/2016,14.27
06/17/2016,14.35
06/18/2016,14.56666667
06/19/2016,14.78333333
06/20/2016,15
06/21/2016,14.82
06/22/2016,15.05
06/23/2016,15.15
06/24/2016,14.45
06/25/2016,14.31666667
06/26/2016,14.18333333
06/27/2016,14.05
06/28/2016,14.13
06/29/2016,14.33
06/30/2016,14
07/01/2016,14.35
07/02/2016,14.36666667
07/03/2016,14.38333333
07/04/2016,14.4
07/05/2016,14.15
07/06/2016,14.07
07/07/2016,14.3
07/08/2016,14
07/09/2016,13.96
07/10/2016,13.92
07/11/2016,13.88
07/12/2016,14.3
07/13/2016,14.2
07/14/2016,14.25
07/15/2016,14.2
07/16/2016,14.18333333
07/17/2016,14.16666667
07/18/2016,14.15
07/19/2016,14.25
07/20/2016,14.52
07/21/2016,14.8
07/22/2016,14.55
07/23/2016,14.57666667
07/24/2016,14.60333333
07/25/2016,14.63
07/26/2016,14.5
07/27/2016,14.23
07/28/2016,13.8
07/29/2016,13.55
07/30/2016,13.58333333
07/31/2016,13.61666667
08/01/2016,13.65
08/02/2016,13.5
08/03/2016,13.15
08/04/2016,13.35
08/05/2016,12.45
08/06/2016,12.47333333
08/07/2016,12.49666667
08/08/2016,12.52
08/09/2016,12.65
08/10/2016,12.68
08/11/2016,12
08/12/2016,11.7
08/13/2016,11.51666667
08/14/2016,11.33333333
08/15/2016,11.15
08/16/2016,11.5
08/17/2016,11.6
08/18/2016,11.43
08/19/2016,10.58
08/20/2016,10.73666667
08/21/2016,10.89333333
08/22/2016,11.05
08/23/2016,11.35
08/24/2016,11.05
08/25/2016,11.1
08/26/2016,11.5
08/27/2016,11.68333333
08/28/2016,11.86666667
08/29/2016,12.05
08/30/2016,11.8
08/31/2016,11.75
09/01/2016,11.88
09/02/2016,12.25
09/03/2016,12.2
09/04/2016,12.15
09/05/2016,12.1
09/06/2016,11.9
09/07/2016,11.2
09/08/2016,11.18
09/09/2016,11.15
09/10/2016,11
09/11/2016,10.85
09/12/2016,10.7
09/13/2016,11.05
09/14/2016,10.93
09/15/2016,11.55
09/16/2016,11.88
09/17/2016,12.38666667
09/18/2016,12.89333333
09/19/2016,13.4
09/20/2016,12.43
09/21/2016,13.1
09/22/2016,13.18
09/23/2016,13.5
09/24/2016,13.48333333
09/25/2016,13.46666667
09/26/2016,13.45
09/27/2016,12.85
09/28/2016,13.5
09/29/2016,13.55
09/30/2016,13.48
10/01/2016,13.15333333
10/02/2016,12.82666667
10/03/2016,12.5
10/04/2016,13.82
10/05/2016,15.1
10/06/2016,15.38
10/07/2016,15.45
10/08/2016,15.48333333
10/09/2016,15.51666667
10/10/2016,15.55
10/11/2016,15.55
10/12/2016,15.35
10/13/2016,15.65
10/14/2016,15.5
10/15/2016,15.66666667
10/16/2016,15.83333333
10/17/2016,16
10/18/2016,16.75
10/19/2016,16.95
10/20/2016,17.05
10/21/2016,17
10/22/2016,17.11666667
10/23/2016,17.23333333
10/24/2016,17.35
10/25/2016,17.7
10/26/2016,17.27
10/27/2016,17.35
10/28/2016,16.9
10/29/2016,17.2
10/30/2016,17.5
10/31/2016,17.8
11/01/2016,16.58
11/02/2016,18.2
11/03/2016,18.8
11/04/2016,18.25
11/05/2016,18.12666667
11/06/2016,18.00333333
11/07/2016,17.88
11/08/2016,17.85
11/09/2016,18.02
11/10/2016,18.1
11/11/2016,18.18
11/12/2016,17.98666667
11/13/2016,17.79333333
11/14/2016,17.6
11/15/2016,17.92
11/16/2016,17.45
11/17/2016,17.78
11/18/2016,17.98
11/19/2016,17.75333333
11/20/2016,17.52666667
11/21/2016,17.3
11/22/2016,17.65
11/23/2016,17.73
11/24/2016,17.88
11/25/2016,17.78
11/26/2016,17.98666667
11/27/2016,18.19333333
11/28/2016,18.4
11/29/2016,18.4
11/30/2016,18.2
12/01/2016,18.08
12/02/2016,17.6
12/03/2016,17.37333333
12/04/2016,17.14666667
12/05/2016,16.92
12/06/2016,16.48
12/07/2016,16.43
12/08/2016,16.6
12/09/2016,16.6
12/10/2016,16.8
12/11/2016,17
12/12/2016,17.2
12/13/2016,17.3
12/14/2016,17
12/15/2016,17
12/16/2016,17.5
12/17/2016,17.6
12/18/2016,17.7
12/19/2016,17.8
12/20/2016,17.73
12/21/2016,17.95
12/22/2016,18.13
12/23/2016,18.4
12/24/2016,18.4
12/25/2016,18.4
12/26/2016,18.4
12/27/2016,18.6
12/28/2016,18.78
12/29/2016,18.92
12/30/2016,19.75
12/31/2016,19.63333333
01/01/2017,19.51666667
01/02/2017,19.4
01/03/2017,18.5
01/04/2017,19.38
01/05/2017,18.77
01/06/2017,18.65
01/07/2017,18.83333333
01/08/2017,19.01666667
01/09/2017,19.2
01/10/2017,20.1
01/11/2017,20.6
01/12/2017,20.8
01/13/2017,20.17
01/14/2017,19.80666667
01/15/2017,19.44333333
01/16/2017,19.08
01/17/2017,20.05
01/18/2017,20.05
01/19/2017,20.67
01/20/2017,20.75
01/21/2017,21.23333333
01/22/2017,21.71666667
01/23/2017,22.2
01/24/2017,21.83
01/25/2017,20.65
01/26/2017,20.25
01/27/2017,19.7
01/28/2017,20.03333333
01/29/2017,20.36666667
01/30/2017,20.7
01/31/2017,21.2
02/01/2017,22.27
02/02/2017,22
02/03/2017,23
02/04/2017,23
02/05/2017,23
02/06/2017,23
02/07/2017,21.88
02/08/2017,20.55
02/09/2017,20.6
02/10/2017,20.1
02/11/2017,19.76
02/12/2017,19.42
02/13/2017,19.08
02/14/2017,18.6
02/15/2017,18.8
02/16/2017,18.9
02/17/2017,18.23
02/18/2017,18.20333333
02/19/2017,18.17666667
02/20/2017,18.15
02/21/2017,17.77
02/22/2017,17.8
02/23/2017,18.45
02/24/2017,17.55
02/25/2017,17.44333333
02/26/2017,17.33666667
02/27/2017,17.23
02/28/2017,17.1
03/01/2017,17.15
03/02/2017,17.02
03/03/2017,16.7
03/04/2017,16.74333333
03/05/2017,16.78666667
03/06/2017,16.83
03/07/2017,16.4
03/08/2017,16.45
03/09/2017,16.05
03/10/2017,16
03/11/2017,15.94333333
03/12/2017,15.88666667
03/13/2017,15.83
03/14/2017,15.95
03/15/2017,15.77
03/16/2017,15.73
03/17/2017,15.7
03/18/2017,15.6
03/19/2017,15.5
03/20/2017,15.4
03/21/2017,15.52
03/22/2017,15.45
03/23/2017,15.2
03/24/2017,14.9
03/25/2017,14.84333333
03/26/2017,14.78666667
03/27/2017,14.73
03/28/2017,14.6
03/29/2017,15
03/30/2017,15.68
03/31/2017,15.32
04/01/2017,15.58
04/02/2017,15.84
04/03/2017,16.1
04/04/2017,16.05
04/05/2017,16.3
04/06/2017,15.98
04/07/2017,15.6
04/08/2017,15.6
04/09/2017,15.6
04/10/2017,15.6
04/11/2017,15.65
04/12/2017,15.73
04/13/2017,15.7
04/14/2017,15.7
04/15/2017,15.79
04/16/2017,15.88
04/17/2017,15.97
04/18/2017,16.4
04/19/2017,16.25
04/20/2017,16.1
04/21/2017,16.58
04/22/2017,16.47666667
04/23/2017,16.37333333
04/24/2017,16.27
04/25/2017,16.08
04/26/2017,16.4
04/27/2017,16.15
04/28/2017,16.55
04/29/2017,16.60666667
04/30/2017,16.66333333
05/01/2017,16.72
05/02/2017,16.7
05/03/2017,16.6
05/04/2017,16.1
05/05/2017,16
05/06/2017,15.94
05/07/2017,15.88
05/08/2017,15.82
05/09/2017,15.85
05/10/2017,15.95
05/11/2017,15.3
05/12/2017,15.58
05/13/2017,15.54666667
05/14/2017,15.51333333
05/15/2017,15.48
05/16/2017,15.57
05/17/2017,15.5
05/18/2017,15.6
05/19/2017,15.3
05/20/2017,15.28333333
05/21/2017,15.26666667
05/22/2017,15.25
05/23/2017,15.55
05/24/2017,15.2
05/25/2017,15
05/26/2017,15.1
05/27/2017,15.18
05/28/2017,15.26
05/29/2017,15.34
05/30/2017,15.58
05/31/2017,15.3
06/01/2017,15.07
06/02/2017,14.65
06/03/2017,14.78333333
06/04/2017,14.91666667
06/05/2017,15.05
06/06/2017,14.85
06/07/2017,14.98
06/08/2017,15.08
06/09/2017,15.07
06/10/2017,15.09
06/11/2017,15.11
06/12/2017,15.13
06/13/2017,15.18
06/14/2017,15.1
06/15/2017,14.7
06/16/2017,15.18
06/17/2017,15.24666667
06/18/2017,15.31333333
06/19/2017,15.38
06/20/2017,15.38
06/21/2017,15.38
06/22/2017,15.23
06/23/2017,15.07
06/24/2017,15.18
06/25/2017,15.29
06/26/2017,15.4
06/27/2017,15.32
06/28/2017,15.43
06/29/2017,14.98
06/30/2017,15.35
07/01/2017,15.5
07/02/2017,15.65
07/03/2017,15.8
07/04/2017,15.35
07/05/2017,15.35
07/06/2017,15.13
07/07/2017,15.02
07/08/2017,15.02333333
07/09/2017,15.02666667
07/10/2017,15.03
07/11/2017,14.7
07/12/2017,14.75
07/13/2017,15.05
07/14/2017,15
07/15/2017,14.96666667
07/16/2017,14.93333333
07/17/2017,14.9
07/18/2017,14.98
07/19/2017,15.03
07/20/2017,15.3
07/21/2017,15.07
07/22/2017,15.03
07/23/2017,14.99
07/24/2017,14.95
07/25/2017,15.1
07/26/2017,15.4
07/27/2017,15.05
07/28/2017,15
07/29/2017,15.01666667
07/30/2017,15.03333333
07/31/2017,15.05
08/01/2017,14.75
08/02/2017,14.93
08/03/2017,15.13
08/04/2017,15.18
08/05/2017,15.30333333
08/06/2017,15.42666667
08/07/2017,15.55
08/08/2017,15.48
08/09/2017,15.88
08/10/2017,16.15
08/11/2017,16.2
08/12/2017,16.07666667
08/13/2017,15.95333333
08/14/2017,15.83
08/15/2017,15.8
08/16/2017,16.2
08/17/2017,16.1
08/18/2017,16.4
08/19/2017,16.36666667
08/20/2017,16.33333333
08/21/2017,16.3
08/22/2017,16.25
08/23/2017,16.58
08/24/2017,16.3
08/25/2017,16.45
08/26/2017,16.55666667
08/27/2017,16.66333333
08/28/2017,16.77
08/29/2017,16.45
08/30/2017,16.83
08/31/2017,16.33
09/01/2017,16.48
09/02/2017,16.49333333
09/03/2017,16.50666667
09/04/2017,16.52
09/05/2017,16.95
09/06/2017,17
09/07/2017,16.7
09/08/2017,17.05
09/09/2017,17.11
09/10/2017,17.17
09/11/2017,17.23
09/12/2017,17.25
09/13/2017,17.68
09/14/2017,17.98
09/15/2017,17.8
09/16/2017,17.86666667
09/17/2017,17.93333333
09/18/2017,18
09/19/2017,17.58
09/20/2017,17.5
09/21/2017,17.23
09/22/2017,17.23
09/23/2017,17.44666667
09/24/2017,17.66333333
09/25/2017,17.88
09/26/2017,17.7
09/27/2017,17.5
09/28/2017,17.7
09/29/2017,16.4
09/30/2017,16.44333333
10/01/2017,16.48666667
10/02/2017,16.53
10/03/2017,17.4
10/04/2017,17.48
10/05/2017,17.9
10/06/2017,17.73
10/07/2017,17.78666667
10/08/2017,17.84333333
10/09/2017,17.9
10/10/2017,17.63
10/11/2017,17.2
10/12/2017,16.98
10/13/2017,16.55
10/14/2017,16.41666667
10/15/2017,16.28333333
10/16/2017,16.15
10/17/2017,16.85
10/18/2017,16.83
10/19/2017,16.45
10/20/2017,16.35
10/21/2017,16.52666667
10/22/2017,16.70333333
10/23/2017,16.88
10/24/2017,16.58
10/25/2017,16.98
10/26/2017,17.05
10/27/2017,17.08
10/28/2017,17.34666667
10/29/2017,17.61333333
10/30/2017,17.88
10/31/2017,17.9
11/01/2017,18.38
11/02/2017,18.1
11/03/2017,18.3
11/04/2017,18.51
11/05/2017,18.72
11/06/2017,18.93
11/07/2017,19.25
11/08/2017,19.3
11/09/2017,19.33
11/10/2017,19.85
11/11/2017,19.89333333
11/12/2017,19.93666667
11/13/2017,19.98
11/14/2017,19.33
11/15/2017,19.02
11/16/2017,19.17
11/17/2017,19.05
11/18/2017,19.20666667
11/19/2017,19.36333333
11/20/2017,19.52
11/21/2017,19.65
11/22/2017,19.6
11/23/2017,20.25
11/24/2017,20.5
11/25/2017,20.63333333
11/26/2017,20.76666667
11/27/2017,20.9
11/28/2017,20.65
11/29/2017,20.8
11/30/2017,20.7
12/01/2017,20.85
12/02/2017,21.08333333
12/03/2017,21.31666667
12/04/2017,21.55
12/05/2017,21.4
12/06/2017,21.15
12/07/2017,21.4
12/08/2017,21
12/09/2017,21.25666667
12/10/2017,21.51333333
12/11/2017,21.77
12/12/2017,22.17
12/13/2017,21.5
12/14/2017,21.6
12/15/2017,21.53
12/16/2017,21.42
12/17/2017,21.31
12/18/2017,21.2
12/19/2017,20.17
12/20/2017,20.38
12/21/2017,20.2
12/22/2017,20
12/23/2017,19.96666667
12/24/2017,19.93333333
12/25/2017,19.9
12/26/2017,19.85
12/27/2017,19.95
12/28/2017,19.78
12/29/2017,19.35
12/30/2017,19.41666667
12/31/2017,19.48333333
01/01/2018,19.55
01/02/2018,19.15
01/03/2018,19.05
01/04/2018,19.1
01/05/2018,18.77
01/06/2018,18.83
01/07/2018,18.89
01/08/2018,18.95
01/09/2018,19.42
01/10/2018,19.43
01/11/2018,19.27
01/12/2018,19.6
01/13/2018,19.4
01/14/2018,19.2
01/15/2018,19
01/16/2018,18.8
01/17/2018,18.42
01/18/2018,18.73
01/19/2018,18.3
01/20/2018,18.36666667
01/21/2018,18.43333333
01/22/2018,18.5
01/23/2018,18
01/24/2018,17.85
01/25/2018,17.83
01/26/2018,17.4
01/27/2018,17.41666667
01/28/2018,17.43333333
01/29/2018,17.45
01/30/2018,17.4
01/31/2018,17.83
02/01/2018,18.1
02/02/2018,18.27
02/03/2018,18.09666667
02/04/2018,17.92333333
02/05/2018,17.75
02/06/2018,17.98
02/07/2018,18.35
02/08/2018,17.98
02/09/2018,17.95
02/10/2018,17.98333333
02/11/2018,18.01666667
02/12/2018,18.05
02/13/2018,18.43
02/14/2018,18.23
02/15/2018,17.98
02/16/2018,18.23
02/17/2018,18.68666667
02/18/2018,19.14333333
02/19/2018,19.6
02/20/2018,21.13
02/21/2018,22.05
02/22/2018,22
02/23/2018,26.6
02/24/2018,26.2
02/25/2018,25.8
02/26/2018,25.4
02/27/2018,34.4
02/28/2018,45.1
03/01/2018,76
03/02/2018,28.5
03/03/2018,25.76666667
03/04/2018,23.03333333
03/05/2018,20.3
03/06/2018,19.6
03/07/2018,18.8
03/08/2018,19.4
03/09/2018,19.95
03/10/2018,22.08333333
03/11/2018,24.21666667
03/12/2018,26.35
03/13/2018,25
03/14/2018,22.65
03/15/2018,24.3
03/16/2018,20.2
03/17/2018,20.35
03/18/2018,20.5
03/19/2018,20.65
03/20/2018,21.42
03/21/2018,21.8
03/22/2018,20.65
03/23/2018,19.6
03/24/2018,19.2
03/25/2018,18.8
03/26/2018,18.4
03/27/2018,18.63
03/28/2018,18.5
03/29/2018,19.5
03/30/2018,19.5
03/31/2018,19.59
04/01/2018,19.68
04/02/2018,19.77
04/03/2018,18.65
04/04/2018,19.1
04/05/2018,19.08
04/06/2018,18.83
04/07/2018,18.88666667
04/08/2018,18.94333333
04/09/2018,19
04/10/2018,20.2
04/11/2018,19.53
04/12/2018,20.77
04/13/2018,20.2
04/14/2018,19.9
04/15/2018,19.6
04/16/2018,19.3
04/17/2018,19
04/18/2018,19.15
04/19/2018,19.92
04/20/2018,19.63
04/21/2018,19.68666667
04/22/2018,19.74333333
04/23/2018,19.8
04/24/2018,19.68
04/25/2018,19.88
04/26/2018,20.13
04/27/2018,20.15
04/28/2018,20.36
04/29/2018,20.57
04/30/2018,20.78
05/01/2018,20.15
05/02/2018,20.38
05/03/2018,19.98
05/04/2018,20.42
05/05/2018,20.50333333
05/06/2018,20.58666667
05/07/2018,20.67
05/08/2018,20.7
05/09/2018,20.6
05/10/2018,20.9
05/11/2018,21.25
05/12/2018,21.34333333
05/13/2018,21.43666667
05/14/2018,21.53
05/15/2018,21.38
05/16/2018,21.75
05/17/2018,22.3
05/18/2018,22.08
05/19/2018,22.13
05/20/2018,22.18
05/21/2018,22.23
05/22/2018,22.8
05/23/2018,22.8
05/24/2018,22.7
05/25/2018,21.8
05/26/2018,21.8
05/27/2018,21.8
05/28/2018,21.8
05/29/2018,22.6
05/30/2018,22.75
05/31/2018,22.45
06/01/2018,21.85
06/02/2018,21.95
06/03/2018,22.05
06/04/2018,22.15
06/05/2018,21.85
06/06/2018,21.6
06/07/2018,21.75
06/08/2018,21.7
06/09/2018,21.66666667
06/10/2018,21.63333333
06/11/2018,21.6
06/12/2018,21.93
06/13/2018,22.48
06/14/2018,22.77
06/15/2018,21.88
06/16/2018,22.10333333
06/17/2018,22.32666667
06/18/2018,22.55
06/19/2018,22.13
06/20/2018,21.88
06/21/2018,21.7
06/22/2018,21.8
06/23/2018,21.73333333
06/24/2018,21.66666667
06/25/2018,21.6
06/26/2018,21.63
06/27/2018,22.15
06/28/2018,21.9
06/29/2018,21.58
06/30/2018,21.76333333
07/01/2018,21.94666667
07/02/2018,22.13
07/03/2018,22.25
07/04/2018,22.35
07/05/2018,22.35
07/06/2018,22.23
07/07/2018,22.36333333
07/08/2018,22.49666667
07/09/2018,22.63
07/10/2018,22.78
07/11/2018,22.52
07/12/2018,22.1
07/13/2018,22.48
07/14/2018,22.33666667
07/15/2018,22.19333333
07/16/2018,22.05
07/17/2018,21.95
07/18/2018,22.2
07/19/2018,22.23
07/20/2018,21.95
07/21/2018,22.04333333
07/22/2018,22.13666667
07/23/2018,22.23
07/24/2018,22.15
07/25/2018,22.23
07/26/2018,22.27
07/27/2018,22.15
07/28/2018,22.2
07/29/2018,22.25
07/30/2018,22.3
07/31/2018,22.05
08/01/2018,22.13
08/02/2018,22.15
08/03/2018,22.18
08/04/2018,22.28
08/05/2018,22.38
08/06/2018,22.48
08/07/2018,22.73
08/08/2018,22.63
08/09/2018,22.67
08/10/2018,23.1
08/11/2018,23.26666667
08/12/2018,23.43333333
08/13/2018,23.6
08/14/2018,23.55
08/15/2018,23.4
08/16/2018,23.63
08/17/2018,24.1
08/18/2018,24.12333333
08/19/2018,24.14666667
08/20/2018,24.17
08/21/2018,24.2
08/22/2018,24.63
08/23/2018,24.85
08/24/2018,25.15
08/25/2018,25.15
08/26/2018,25.15
08/27/2018,25.15
08/28/2018,25.75
08/29/2018,26.3
08/30/2018,26.25
08/31/2018,25.9
09/01/2018,26.05
09/02/2018,26.2
09/03/2018,26.35
09/04/2018,26.95
09/05/2018,27.2
09/06/2018,27.45
09/07/2018,28.2
09/08/2018,28.52666667
09/09/2018,28.85333333
09/10/2018,29.18
09/11/2018,28.7
09/12/2018,27.6
09/13/2018,26.55
09/14/2018,27.25
09/15/2018,27.35
09/16/2018,27.45
09/17/2018,27.55
09/18/2018,27.4
09/19/2018,28.25
09/20/2018,28.23
09/21/2018,28.52
09/22/2018,28.84
09/23/2018,29.16
09/24/2018,29.48
09/25/2018,29.33
09/26/2018,28.05
09/27/2018,27.5
09/28/2018,27
09/29/2018,27.06666667
09/30/2018,27.13333333
10/01/2018,27.2
10/02/2018,26.9
10/03/2018,27
10/04/2018,27
10/05/2018,27.35
10/06/2018,27.2
10/07/2018,27.05
10/08/2018,26.9
10/09/2018,26.42
10/10/2018,25.63
10/11/2018,24.78
10/12/2018,25.35
10/13/2018,25.54
10/14/2018,25.73
10/15/2018,25.92
10/16/2018,25.53
10/17/2018,25.35
10/18/2018,25.17
10/19/2018,26.3
10/20/2018,25.85
10/21/2018,25.4
10/22/2018,24.95
10/23/2018,24.63
10/24/2018,25.05
10/25/2018,24.45
10/26/2018,23.88
10/27/2018,24.09333333
10/28/2018,24.30666667
10/29/2018,24.52
10/30/2018,23.73
10/31/2018,23.4
11/01/2018,23.3
11/02/2018,23.6
11/03/2018,23.49333333
11/04/2018,23.38666667
11/05/2018,23.28
11/06/2018,23.2
11/07/2018,24.3
11/08/2018,24.05
11/09/2018,23.83
11/10/2018,24.38666667
11/11/2018,24.94333333
11/12/2018,25.5
11/13/2018,26.3
11/14/2018,26.45
11/15/2018,26.5
11/16/2018,25.7
11/17/2018,25.23333333
11/18/2018,24.76666667
11/19/2018,24.3
11/20/2018,24.63
11/21/2018,24.67
11/22/2018,24.8
11/23/2018,24.85
11/24/2018,24.75
11/25/2018,24.65
11/26/2018,24.55
11/27/2018,25.1
11/28/2018,24.33
11/29/2018,24.55
11/30/2018,24.15
12/01/2018,24.3
12/02/2018,24.45
12/03/2018,24.6
12/04/2018,23.88
12/05/2018,23.3
12/06/2018,22.6
12/07/2018,22.6
12/08/2018,22.76666667
12/09/2018,22.93333333
12/10/2018,23.1
12/11/2018,23.5
12/12/2018,24
12/13/2018,24.13
12/14/2018,24.55
12/15/2018,24.55
12/16/2018,24.55
12/17/2018,24.55
12/18/2018,23.88
12/19/2018,24.4
12/20/2018,24.77
12/21/2018,24.48
12/22/2018,24.33666667
12/23/2018,24.19333333
12/24/2018,24.05
12/25/2018,24.1
12/26/2018,24.1
12/27/2018,23.33
12/28/2018,22.02
12/29/2018,21.69666667
12/30/2018,21.37333333
12/31/2018,21.05
01/01/2019,21.05
01/02/2019,22.3
01/03/2019,21.8
01/04/2019,22.05
01/05/2019,21.58333333
01/06/2019,21.11666667
01/07/2019,20.65
01/08/2019,21.78
01/09/2019,21.13
01/10/2019,21.93
01/11/2019,21.38
01/12/2019,21.38
01/13/2019,21.38
01/14/2019,21.38
01/15/2019,21.2
01/16/2019,21.7
01/17/2019,22.68
01/18/2019,22.25
01/19/2019,22.1
01/20/2019,21.95
01/21/2019,21.8
01/22/2019,21.67
01/23/2019,21.95
01/24/2019,21.2
01/25/2019,20.8
01/26/2019,20.71666667
01/27/2019,20.63333333
01/28/2019,20.55
01/29/2019,20.8
01/30/2019,20.15
01/31/2019,19.95
02/01/2019,19.23
02/02/2019,19.27
02/03/2019,19.31
02/04/2019,19.35
02/05/2019,18.65
02/06/2019,19
02/07/2019,18.58
02/08/2019,18.27
02/09/2019,18.27
02/10/2019,18.27
02/11/2019,18.27
02/12/2019,17.45
02/13/2019,18.1
02/14/2019,17.75
02/15/2019,17.95
02/16/2019,17.75
02/17/2019,17.55
02/18/2019,17.35
02/19/2019,17.88
02/20/2019,18.1
02/21/2019,17.5
02/22/2019,16.93
02/23/2019,16.90333333
02/24/2019,16.87666667
02/25/2019,16.85
02/26/2019,17.33
02/27/2019,17.78
02/28/2019,17.75
03/01/2019,17.42
03/02/2019,17.45666667
03/03/2019,17.49333333
03/04/2019,17.53
03/05/2019,17.08
03/06/2019,16.93
03/07/2019,16.92
03/08/2019,16.78
03/09/2019,16.81333333
03/10/2019,16.84666667
03/11/2019,16.88
03/12/2019,16.5
03/13/2019,15.9
03/14/2019,15.52
03/15/2019,14.85
03/16/2019,15.03333333
03/17/2019,15.21666667
03/18/2019,15.4
03/19/2019,15.23
03/20/2019,15.08
03/21/2019,14.55
03/22/2019,14.2
03/23/2019,14.25
03/24/2019,14.3
03/25/2019,14.35
03/26/2019,14.7
03/27/2019,14.95
03/28/2019,14.2
03/29/2019,14.68
03/30/2019,14.48666667
03/31/2019,14.29333333
04/01/2019,14.1
04/02/2019,13.75
04/03/2019,14.45
04/04/2019,15.08
04/05/2019,15.82
04/06/2019,15.84
04/07/2019,15.86
04/08/2019,15.88
04/09/2019,16.85
04/10/2019,16.2
04/11/2019,16.08
04/12/2019,15.94
04/13/2019,15.62666667
04/14/2019,15.31333333
04/15/2019,15
04/16/2019,15.35
04/17/2019,15.05
04/18/2019,14.93
04/19/2019,14.93
04/20/2019,14.93
04/21/2019,14.93
04/22/2019,14.93
04/23/2019,14.43
04/24/2019,14.18
04/25/2019,14.75
04/26/2019,14.3
04/27/2019,14.39
04/28/2019,14.48
04/29/2019,14.57
04/30/2019,14.35
05/01/2019,14.4
05/02/2019,14.65
05/03/2019,14.75
05/04/2019,14.79333333
05/05/2019,14.83666667
05/06/2019,14.88
05/07/2019,14.48
05/08/2019,14.48
05/09/2019,14.55
05/10/2019,14.06
05/11/2019,13.97333333
05/12/2019,13.88666667
05/13/2019,13.8
05/14/2019,13.8
05/15/2019,14
05/16/2019,13.4
05/17/2019,13.07
05/18/2019,13.01333333
05/19/2019,12.95666667
05/20/2019,12.9
05/21/2019,12.8
05/22/2019,12.93
05/23/2019,12.45
05/24/2019,12.3
05/25/2019,12.3
05/26/2019,12.3
05/27/2019,12.3
05/28/2019,12.5
05/29/2019,11.75
05/30/2019,11.27
05/31/2019,10.35
06/01/2019,10.27666667
06/02/2019,10.20333333
06/03/2019,10.13
06/04/2019,11.3
06/05/2019,10.65
06/06/2019,10.43
06/07/2019,10.98
06/08/2019,11.17666667
06/09/2019,11.37333333
06/10/2019,11.57
06/11/2019,11.2
06/12/2019,11.2
06/13/2019,11.43
06/14/2019,11.27
06/15/2019,11.30666667
06/16/2019,11.34333333
06/17/2019,11.38
06/18/2019,11.1
06/19/2019,10.32
06/20/2019,10.23
06/21/2019,10.3
06/22/2019,10.13333333
06/23/2019,9.966666667
06/24/2019,9.8
06/25/2019,9.13
06/26/2019,9.4
06/27/2019,9.13
06/28/2019,9.5
06/29/2019,9.733333333
06/30/2019,9.966666667
07/01/2019,10.2
07/02/2019,10.27
07/03/2019,10.27
07/04/2019,10.35
07/05/2019,11.13
07/06/2019,11.38666667
07/07/2019,11.64333333
07/08/2019,11.9
07/09/2019,11.55
07/10/2019,12.5
07/11/2019,12.75
07/12/2019,13
07/13/2019,12.95
07/14/2019,12.9
07/15/2019,12.85
07/16/2019,11.25
07/17/2019,11.15
07/18/2019,10.7
07/19/2019,10.75
07/20/2019,10.6
07/21/2019,10.45
07/22/2019,10.3
07/23/2019,10.65
07/24/2019,10.35
07/25/2019,10.3
07/26/2019,10.05
07/27/2019,9.866666667
07/28/2019,9.683333333
07/29/2019,9.5
07/30/2019,9.73
07/31/2019,10.15
08/01/2019,11.25
08/02/2019,11.3
08/03/2019,10.89
08/04/2019,10.48
08/05/2019,10.07
08/06/2019,9.77
08/07/2019,9.73
08/08/2019,10.05
08/09/2019,10.13
08/10/2019,10.23
08/11/2019,10.33
08/12/2019,10.43
08/13/2019,10.73
08/14/2019,9.65
08/15/2019,9.5
08/16/2019,9.6
08/17/2019,9.583333333
08/18/2019,9.566666667
08/19/2019,9.55
08/20/2019,9.93
08/21/2019,9.93
08/22/2019,10.05
08/23/2019,9.65
08/24/2019,9.726666667
08/25/2019,9.803333333
08/26/2019,9.88
08/27/2019,10.45
08/28/2019,10.1
08/29/2019,9.9
08/30/2019,9
08/31/2019,8.616666667
09/01/2019,8.233333333
09/02/2019,7.85
09/03/2019,7.18
09/04/2019,7.5
09/05/2019,8.07
09/06/2019,9.4
09/07/2019,9.44
09/08/2019,9.48
09/09/2019,9.52
09/10/2019,10.9
09/11/2019,10.23
09/12/2019,10.9
09/13/2019,10.57
09/14/2019,10.78
09/15/2019,10.99
09/16/2019,11.2
09/17/2019,9.7
09/18/2019,9.55
09/19/2019,9.3
09/20/2019,9.9
09/21/2019,9.95
09/22/2019,10
09/23/2019,10.05
09/24/2019,11.15
09/25/2019,10.15
09/26/2019,10.18
09/27/2019,9.4
09/28/2019,9.01
09/29/2019,8.62
09/30/2019,8.23
10/01/2019,9.95
10/02/2019,10.1
10/03/2019,12.5
10/04/2019,11.25
10/05/2019,10.91666667
10/06/2019,10.58333333
10/07/2019,10.25
10/08/2019,9.45
10/09/2019,8.15
10/10/2019,8.9
10/11/2019,9.35
10/12/2019,9.933333333
10/13/2019,10.51666667
10/14/2019,11.1
10/15/2019,10.9
10/16/2019,10.55
10/17/2019,10
10/18/2019,10.6
10/19/2019,10.43333333
10/20/2019,10.26666667
10/21/2019,10.1
10/22/2019,10.32
10/23/2019,10.45
10/24/2019,9.9
10/25/2019,11.35
10/26/2019,11.33333333
10/27/2019,11.31666667
10/28/2019,11.3
10/29/2019,10.32
10/30/2019,10.32
10/31/2019,10
11/01/2019,11.45
11/02/2019,11.98333333
11/03/2019,12.51666667
11/04/2019,13.05
11/05/2019,13.33
11/06/2019,13
11/07/2019,14.38
11/08/2019,14.7
11/09/2019,14.66666667
11/10/2019,14.63333333
11/11/2019,14.6
11/12/2019,15
11/13/2019,14.9
11/14/2019,14.63
11/15/2019,15.15
11/16/2019,15.02333333
11/17/2019,14.89666667
11/18/2019,14.77
11/19/2019,15.2
11/20/2019,15.18
11/21/2019,15.7
11/22/2019,15.65
11/23/2019,15.96666667
11/24/2019,16.28333333
11/25/2019,16.6
11/26/2019,15.55
11/27/2019,15.95
11/28/2019,15.6
11/29/2019,15.65
11/30/2019,15.57666667
12/01/2019,15.50333333
12/02/2019,15.43
12/03/2019,15.02
12/04/2019,14.88
12/05/2019,14.1
12/06/2019,14.2
12/07/2019,14.04333333
12/08/2019,13.88666667
12/09/2019,13.73
12/10/2019,13.65
12/11/2019,13.18
12/12/2019,13.4
12/13/2019,13
12/14/2019,12.86666667
12/15/2019,12.73333333
12/16/2019,12.6
12/17/2019,13.2
12/18/2019,12.77
12/19/2019,13.18
12/20/2019,13
12/21/2019,12.46
12/22/2019,11.92
12/23/2019,11.38
12/24/2019,11.35
12/25/2019,11
12/26/2019,11
12/27/2019,12.7
12/28/2019,12.58333333
12/29/2019,12.46666667
12/30/2019,12.35
12/31/2019,11.57
01/01/2020,11.6
01/02/2020,11.85
01/03/2020,12.73
01/04/2020,12.56333333
01/05/2020,12.39666667
01/06/2020,12.23
01/07/2020,11.77
01/08/2020,11.8
01/09/2020,11.8
01/10/2020,11.8
01/11/2020,11.86666667
01/12/2020,11.93333333
01/13/2020,12
01/14/2020,11.25
01/15/2020,11.18
01/16/2020,11.05
01/17/2020,10.85
01/18/2020,10.8
01/19/2020,10.75
01/20/2020,10.7
01/21/2020,10.95
01/22/2020,10.5
01/23/2020,10.43
01/24/2020,10.5
01/25/2020,10.49333333
01/26/2020,10.48666667
01/27/2020,10.48
01/28/2020,10.88
01/29/2020,10.23
01/30/2020,9.9
01/31/2020,9.85
02/01/2020,9.716666667
02/02/2020,9.583333333
02/03/2020,9.45
02/04/2020,9.8
02/05/2020,9.55
02/06/2020,9.27
02/07/2020,9.2
02/08/2020,9.093333333
02/09/2020,8.986666667
02/10/2020,8.88
02/11/2020,9.05
02/12/2020,9.38
02/13/2020,9
02/14/2020,9.15
02/15/2020,9.226666667
02/16/2020,9.303333333
02/17/2020,9.38
02/18/2020,9.65
02/19/2020,9.8
02/20/2020,9.82
02/21/2020,9.5
02/22/2020,9.406666667
02/23/2020,9.313333333
02/24/2020,9.22
02/25/2020,9.25
02/26/2020,9.5
02/27/2020,9.2
02/28/2020,9.4
02/29/2020,9.4
03/01/2020,9.4
03/02/2020,9.4
03/03/2020,9.55
03/04/2020,9.27
03/05/2020,9.4
03/06/2020,9.15
03/07/2020,9.016666667
03/08/2020,8.883333333
03/09/2020,8.75
03/10/2020,9.15
03/11/2020,9.18
03/12/2020,9.43
03/13/2020,9.4
03/14/2020,9.226666667
03/15/2020,9.053333333
03/16/2020,8.88
03/17/2020,8.5
03/18/2020,8.45
03/19/2020,8.7
03/20/2020,8.75
03/21/2020,8.566666667
03/22/2020,8.383333333
03/23/2020,8.2
03/24/2020,8.15
03/25/2020,8
03/26/2020,7.63
03/27/2020,7.43
03/28/2020,7.336666667
03/29/2020,7.243333333
03/30/2020,7.15
03/31/2020,7.18
04/01/2020,6.97
04/02/2020,7.03
04/03/2020,7.05
04/04/2020,7.076666667
04/05/2020,7.103333333
04/06/2020,7.13
04/07/2020,7.32
04/08/2020,7.1
04/09/2020,7.05
04/10/2020,7.05
04/11/2020,7.05
04/12/2020,7.05
04/13/2020,7.05
04/14/2020,7.05
04/15/2020,6.85
04/16/2020,7.07
04/17/2020,6.35
04/18/2020,6.316666667
04/19/2020,6.283333333
04/20/2020,6.25
04/21/2020,5.95
04/22/2020,6.05
04/23/2020,5.65
04/24/2020,5.6
04/25/2020,5.776666667
04/26/2020,5.953333333
04/27/2020,6.13
04/28/2020,5.98
04/29/2020,5.65
04/30/2020,5.55
05/01/2020,5.55
05/02/2020,5.533333333
05/03/2020,5.516666667
05/04/2020,5.5
05/05/2020,5.3
05/06/2020,5.53
05/07/2020,5.25
05/08/2020,5.25
05/09/2020,5.46
05/10/2020,5.67
05/11/2020,5.88
05/12/2020,5.13
05/13/2020,5.07
05/14/2020,4.85
05/15/2020,4.78
05/16/2020,4.686666667
05/17/2020,4.593333333
05/18/2020,4.5
05/19/2020,4.22
05/20/2020,3.95
05/21/2020,3.1
05/22/2020,4.03
05/23/2020,4.03
05/24/2020,4.03
05/25/2020,4.03
05/26/2020,4
05/27/2020,3.55
05/28/2020,3.2
05/29/2020,3.42
05/30/2020,3.48
05/31/2020,3.54
06/01/2020,3.6
06/02/2020,4.3
06/03/2020,4.9
06/04/2020,4.47
06/05/2020,4.88
06/06/2020,4.87
06/07/2020,4.86
06/08/2020,4.85
06/09/2020,4.65
06/10/2020,4.57
06/11/2020,4.72
06/12/2020,4.95
06/13/2020,5.093333333
06/14/2020,5.236666667
06/15/2020,5.38
06/16/2020,5.1
06/17/2020,5.1
06/18/2020,5.2
06/19/2020,5.45
06/20/2020,5.373333333
06/21/2020,5.296666667
06/22/2020,5.22
06/23/2020,5.72
06/24/2020,5.61
06/25/2020,5.03
06/26/2020,4.97
06/27/2020,5.196666667
06/28/2020,5.423333333
06/29/2020,5.65
06/30/2020,5.5
07/01/2020,5.57
07/02/2020,5.18
07/03/2020,5
07/04/2020,5.143333333
07/05/2020,5.286666667
07/06/2020,5.43
07/07/2020,5.65
07/08/2020,5.5
07/09/2020,4.75
07/10/2020,4.75
07/11/2020,4.616666667
07/12/2020,4.483333333
07/13/2020,4.35
07/14/2020,4.22
07/15/2020,4.72
07/16/2020,4.45
07/17/2020,5.15
07/18/2020,4.91
07/19/2020,4.67
07/20/2020,4.43
07/21/2020,4.63
07/22/2020,4.7
07/23/2020,4.85
07/24/2020,4.78
07/25/2020,4.646666667
07/26/2020,4.513333333
07/27/2020,4.38
07/28/2020,4.68
07/29/2020,4.93
07/30/2020,4.93
07/31/2020,5.2
08/01/2020,5.2
08/02/2020,5.2
08/03/2020,5.2
08/04/2020,7.1
08/05/2020,6.68
08/06/2020,7.05
08/07/2020,7
08/08/2020,6.966666667
08/09/2020,6.933333333
08/10/2020,6.9
08/11/2020,6.9
08/12/2020,6.35
08/13/2020,6.47
08/14/2020,7
08/15/2020,7.15
08/16/2020,7.3
08/17/2020,7.45
08/18/2020,8.1
08/19/2020,8.05
08/20/2020,7.25
08/21/2020,6.8
08/22/2020,7.206666667
08/23/2020,7.613333333
08/24/2020,8.02
08/25/2020,8.25
08/26/2020,8.95
08/27/2020,8.82
08/28/2020,9.73
08/29/2020,9.863333333
08/30/2020,9.996666667
08/31/2020,10.13
09/01/2020,10.7
09/02/2020,10.48
09/03/2020,11.13
09/04/2020,11.68
09/05/2020,11.57
09/06/2020,11.46
09/07/2020,11.35
09/08/2020,10.88
09/09/2020,10.65
09/10/2020,10.3
09/11/2020,10.43
09/12/2020,10.45333333
09/13/2020,10.47666667
09/14/2020,10.5
09/15/2020,10.7
09/16/2020,11.15
09/17/2020,11
09/18/2020,10.93
09/19/2020,11.08
09/20/2020,11.23
09/21/2020,11.38
09/22/2020,11.23
09/23/2020,11.6
09/24/2020,11.73
09/25/2020,11.38
09/26/2020,11.66333333
09/27/2020,11.94666667
09/28/2020,12.23
09/29/2020,12.63
09/30/2020,11.5
10/01/2020,12.15
10/02/2020,11.8
10/03/2020,12.22333333
10/04/2020,12.64666667
10/05/2020,13.07
10/06/2020,12.85
10/07/2020,13.55
10/08/2020,13.7
10/09/2020,13.9
10/10/2020,13.82666667
10/11/2020,13.75333333
10/12/2020,13.68
10/13/2020,13.25
10/14/2020,13.75
10/15/2020,14.4
10/16/2020,14.77
10/17/2020,14.83
10/18/2020,14.89
10/19/2020,14.95
10/20/2020,14.8
10/21/2020,14.93
10/22/2020,15.23
10/23/2020,15.18
10/24/2020,15.06
10/25/2020,14.94
10/26/2020,14.82
10/27/2020,14.77
10/28/2020,14.15
10/29/2020,13.82
10/30/2020,13.5
10/31/2020,13.4
11/01/2020,13.3
11/02/2020,13.2
11/03/2020,13.7
11/04/2020,13.9
11/05/2020,14.4
11/06/2020,13.38
11/07/2020,13.53666667
11/08/2020,13.69333333
11/09/2020,13.85
11/10/2020,14.07
11/11/2020,13.98
11/12/2020,14
11/13/2020,13.9
11/14/2020,13.99333333
11/15/2020,14.08666667
11/16/2020,14.18
11/17/2020,13.45
11/18/2020,13
11/19/2020,12.95
11/20/2020,12.6
11/21/2020,12.90666667
11/22/2020,13.21333333
11/23/2020,13.52
11/24/2020,13.9
11/25/2020,14.02
11/26/2020,14.05
11/27/2020,14.5
11/28/2020,14.71
11/29/2020,14.92
11/30/2020,15.13
12/01/2020,14.82
12/02/2020,14.8
12/03/2020,13.9
12/04/2020,14.65
12/05/2020,14.48333333
12/06/2020,14.31666667
12/07/2020,14.15
12/08/2020,14.45
12/09/2020,14.73
12/10/2020,15.58
12/11/2020,15.93
12/12/2020,16.18
12/13/2020,16.43
12/14/2020,16.68
12/15/2020,17.28
12/16/2020,16.15
12/17/2020,15.88
12/18/2020,15.68
12/19/2020,16.08666667
12/20/2020,16.49333333
12/21/2020,16.9
12/22/2020,17.45
12/23/2020,17.1
12/24/2020,17.63
12/25/2020,17.63
12/26/2020,17.63
12/27/2020,17.63
12/28/2020,17.63
12/29/2020,19.05
12/30/2020,19
12/31/2020,18.88
01/01/2021,18.8
01/02/2021,19.14333333
01/03/2021,19.48666667
01/04/2021,19.83
01/05/2021,18.05
01/06/2021,17.73
01/07/2021,19.52
01/08/2021,20.45
01/09/2021,21.06666667
01/10/2021,21.68333333
01/11/2021,22.3
01/12/2021,26.9
01/13/2021,23.13
01/14/2021,21.1
01/15/2021,20.35
01/16/2021,19.91666667
01/17/2021,19.48333333
01/18/2021,19.05
01/19/2021,20.25
01/20/2021,19.83
01/21/2021,19.75
01/22/2021,21.55
01/23/2021,21.18333333
01/24/2021,20.81666667
01/25/2021,20.45
01/26/2021,19.85
01/27/2021,19.78
01/28/2021,20.85
01/29/2021,20.48
01/30/2021,19.48666667
01/31/2021,18.49333333
02/01/2021,17.5
02/02/2021,17.98
02/03/2021,17.85
02/04/2021,18.02
02/05/2021,18.45
02/06/2021,19.23333333
02/07/2021,20.01666667
02/08/2021,20.8
02/09/2021,19.8
02/10/2021,19
02/11/2021,18.1
02/12/2021,17.75
02/13/2021,17.27666667
02/14/2021,16.80333333
02/15/2021,16.33
02/16/2021,16.58
02/17/2021,16.4
02/18/2021,17.2
02/19/2021,16.58
02/20/2021,16.37
02/21/2021,16.16
02/22/2021,15.95
02/23/2021,15.9
02/24/2021,16.25
02/25/2021,15.93
02/26/2021,15.8
02/27/2021,15.98333333
02/28/2021,16.16666667
03/01/2021,16.35
03/02/2021,16.13
03/03/2021,16.05
03/04/2021,16.4
03/05/2021,16.6
03/06/2021,16.68333333
03/07/2021,16.76666667
03/08/2021,16.85
03/09/2021,17.38
03/10/2021,17.67
03/11/2021,18.2
03/12/2021,18.55
03/13/2021,18.5
03/14/2021,18.45
03/15/2021,18.4
03/16/2021,17.93
03/17/2021,18.7
03/18/2021,17.6
03/19/2021,17.75
03/20/2021,18.01666667
03/21/2021,18.28333333
03/22/2021,18.55
03/23/2021,18.5
03/24/2021,18.7
03/25/2021,18.4
03/26/2021,18.48
03/27/2021,18.46
03/28/2021,18.44
03/29/2021,18.42
03/30/2021,18.75
03/31/2021,18.93
04/01/2021,19.2
04/02/2021,19.2
04/03/2021,19.2
04/04/2021,19.2
04/05/2021,19.2
04/06/2021,20.4
04/07/2021,20.05
04/08/2021,19.45
04/09/2021,19.5
04/10/2021,19.93333333
04/11/2021,20.36666667
04/12/2021,20.8
04/13/2021,20.42
04/14/2021,20.41
04/15/2021,20.8
04/16/2021,21.15
04/17/2021,21.27333333
04/18/2021,21.39666667
04/19/2021,21.52
04/20/2021,21.55
04/21/2021,21.32
04/22/2021,21.73
04/23/2021,20.17
04/24/2021,20.17
04/25/2021,20.17
04/26/2021,20.17
04/27/2021,21.83
04/28/2021,21.92
04/29/2021,22.67
04/30/2021,23.6
05/01/2021,23.78333333
05/02/2021,23.96666667
05/03/2021,24.15
05/04/2021,24.02
05/05/2021,24.68
05/06/2021,24.98
05/07/2021,23.88
05/08/2021,24.27
05/09/2021,24.66
05/10/2021,25.05
05/11/2021,26.1
05/12/2021,26.1
05/13/2021,26.4
05/14/2021,26.92
05/15/2021,26.79666667
05/16/2021,26.67333333
05/17/2021,26.55
05/18/2021,25.65
05/19/2021,23.2
05/20/2021,24.7
05/21/2021,24.83
05/22/2021,24.82
05/23/2021,24.81
05/24/2021,24.8
05/25/2021,26.35
05/26/2021,26.33
05/27/2021,25.35
05/28/2021,25.45
05/29/2021,25.46666667
05/30/2021,25.48333333
05/31/2021,25.5
06/01/2021,26.15
06/02/2021,25.52
06/03/2021,25.83
06/04/2021,25.83
06/05/2021,26.11
06/06/2021,26.39
06/07/2021,26.67
06/08/2021,28.13
06/09/2021,27.9
06/10/2021,27.8
06/11/2021,28
06/12/2021,28.3
06/13/2021,28.6
06/14/2021,28.9
06/15/2021,27.95
06/16/2021,28.15
06/17/2021,28.6
06/18/2021,29.52
06/19/2021,29.61333333
06/20/2021,29.70666667
06/21/2021,29.8
06/22/2021,31.4
06/23/2021,31.68
06/24/2021,31.95
06/25/2021,32.1
06/26/2021,32.13333333
06/27/2021,32.16666667
06/28/2021,32.2
06/29/2021,33.67
06/30/2021,35.5
07/01/2021,36.4
07/02/2021,36.3
07/03/2021,36.81666667
07/04/2021,37.33333333
07/05/2021,37.85
07/06/2021,33.97
07/07/2021,32.8
07/08/2021,34
07/09/2021,36.8
07/10/2021,36.08333333
07/11/2021,35.36666667
07/12/2021,34.65
07/13/2021,35.25
07/14/2021,33.9
07/15/2021,34
07/16/2021,35.28
07/17/2021,35.58666667
07/18/2021,35.89333333
07/19/2021,36.2
07/20/2021,35.3
07/21/2021,36
07/22/2021,35.8
07/23/2021,35.65
07/24/2021,36.09
07/25/2021,36.53
07/26/2021,36.97
07/27/2021,37.98
07/28/2021,39.75
07/29/2021,39.75
07/30/2021,40.47
07/31/2021,41.01333333
08/01/2021,41.55666667
08/02/2021,42.1
08/03/2021,41.15
08/04/2021,41.8
08/05/2021,42.58
08/06/2021,42.8
08/07/2021,42.78333333
08/08/2021,42.76666667
08/09/2021,42.75
08/10/2021,44.44
08/11/2021,46.2
08/12/2021,45.6
08/13/2021,44.25
08/14/2021,45.39666667
08/15/2021,46.54333333
08/16/2021,47.69
08/17/2021,46.25
08/18/2021,44.8
08/19/2021,40.38
08/20/2021,41.55
08/21/2021,41.83333333
08/22/2021,42.11666667
08/23/2021,42.4
08/24/2021,45.6
08/25/2021,45.2
08/26/2021,45.4
08/27/2021,47.25
08/28/2021,47.25
08/29/2021,47.25
08/30/2021,47.25
08/31/2021,47.25
09/01/2021,51.2
09/02/2021,51.08
09/03/2021,51.2
09/04/2021,51.51
09/05/2021,51.82
09/06/2021,52.13
09/07/2021,53.6
09/08/2021,54.75
09/09/2021,56.33
09/10/2021,58.03
09/11/2021,59.18666667
09/12/2021,60.34333333
09/13/2021,61.5
09/14/2021,65.8
09/15/2021,65.5
09/16/2021,60.85
09/17/2021,65.6
09/18/2021,68.13333333
09/19/2021,70.66666667
09/20/2021,73.2
09/21/2021,72
09/22/2021,70.1
09/23/2021,67.03
09/24/2021,68.35
09/25/2021,70.89333333
09/26/2021,73.43666667
09/27/2021,75.98
09/28/2021,79
09/29/2021,80
09/30/2021,84.75
10/01/2021,87.6
10/02/2021,88.2
10/03/2021,88.8
10/04/2021,89.4
10/05/2021,115.8
10/06/2021,100.3
10/07/2021,91.9
10/08/2021,79.78
10/09/2021,81.18666667
10/10/2021,82.59333333
10/11/2021,84
10/12/2021,85.1
10/13/2021,91.5
10/14/2021,99.45
10/15/2021,87
10/16/2021,86.4
10/17/2021,85.8
10/18/2021,85.2
10/19/2021,84.7
10/20/2021,90.5
10/21/2021,86.2
10/22/2021,86.93
10/23/2021,87.62
10/24/2021,88.31
10/25/2021,89
10/26/2021,87.83
10/27/2021,84.95
10/28/2021,74
10/29/2021,60.4
10/30/2021,61.73333333
10/31/2021,63.06666667
11/01/2021,64.4
11/02/2021,67.97
11/03/2021,78
11/04/2021,72.4
11/05/2021,73
11/06/2021,74.37666667
11/07/2021,75.75333333
11/08/2021,77.13
11/09/2021,71
11/10/2021,70.6
11/11/2021,74.25
11/12/2021,74.1
11/13/2021,75.9
11/14/2021,77.7
11/15/2021,79.5
11/16/2021,93.8
11/17/2021,94
11/18/2021,90.64
11/19/2021,86.5
11/20/2021,85.78333333
11/21/2021,85.06666667
11/22/2021,84.35
11/23/2021,91.25
11/24/2021,94
11/25/2021,92.2
11/26/2021,87.95
11/27/2021,89.92666667
11/28/2021,91.90333333
11/29/2021,93.88
11/30/2021,91.35
12/01/2021,97.5
12/02/2021,91.85
12/03/2021,89.2
12/04/2021,88.65666667
12/05/2021,88.11333333
12/06/2021,87.57
12/07/2021,96.7
12/08/2021,98.9
12/09/2021,101.25
12/10/2021,103.6
12/11/2021,107.6833333
12/12/2021,111.7666667
12/13/2021,115.85
12/14/2021,127.2
12/15/2021,127
12/16/2021,134
12/17/2021,134
12/18/2021,139
12/19/2021,144
12/20/2021,149
12/21/2021,182.3
12/22/2021,166.75
12/23/2021,124
12/24/2021,105
12/25/2021,105
12/26/2021,105
12/27/2021,105
12/28/2021,105
12/29/2021,95.9
12/30/2021,78.5
12/31/2021,78.5
01/01/2022,78.5
01/02/2022,78.5
01/03/2022,78.5
01/04/2022,86
01/05/2022,90
01/06/2022,96.5
01/07/2022,84.4
01/08/2022,84.33333333
01/09/2022,84.26666667
01/10/2022,84.2
01/11/2022,88.15
01/12/2022,75.4
01/13/2022,79.95
01/14/2022,85.4
01/15/2022,82.28333333
01/16/2022,79.16666667
01/17/2022,76.05
01/18/2022,79.08
01/19/2022,73.6
01/20/2022,73.9
01/21/2022,80.5
01/22/2022,80.5
01/23/2022,80.5
01/24/2022,80.5
01/25/2022,92.9
01/26/2022,91.7
01/27/2022,91.7
01/28/2022,92.43
01/29/2022,89.82
01/30/2022,87.21
01/31/2022,84.6
02/01/2022,75.9
02/02/2022,76.5
02/03/2022,77.6
02/04/2022,80.2
02/05/2022,79.63333333
02/06/2022,79.06666667
02/07/2022,78.5
02/08/2022,75.7
02/09/2022,75.65
02/10/2022,74.28
02/11/2022,76.2
02/12/2022,77.21666667
02/13/2022,78.23333333
02/14/2022,79.25
02/15/2022,68.5
02/16/2022,68.9
02/17/2022,74
02/18/2022,73.5
02/19/2022,72.83333333
02/20/2022,72.16666667
02/21/2022,71.5
02/22/2022,80.3
02/23/2022,89.2
02/24/2022,136.52
02/25/2022,89.95
02/26/2022,93.67666667
02/27/2022,97.40333333
02/28/2022,101.13
03/01/2022,117.75
03/02/2022,169.8
03/03/2022,154.5
03/04/2022,204
03/05/2022,211.6666667
03/06/2022,219.3333333
03/07/2022,227
03/08/2022,210
03/09/2022,149.75
03/10/2022,134.03
03/11/2022,132
03/12/2022,124.5
03/13/2022,117
03/14/2022,109.5
03/15/2022,115
03/16/2022,97.28
03/17/2022,102.35
03/18/2022,100.4
03/19/2022,97.73333333
03/20/2022,95.06666667
03/21/2022,92.4
03/22/2022,94
03/23/2022,109
03/24/2022,102.6
03/25/2022,101
03/26/2022,101.6666667
03/27/2022,102.3333333
03/28/2022,103
03/29/2022,108.35
03/30/2022,115.6
03/31/2022,121.9
04/01/2022,111.1
04/02/2022,110.61
04/03/2022,110.12
04/04/2022,109.63
04/05/2022,108.72
04/06/2022,108.32
04/07/2022,103
04/08/2022,104.75
04/09/2022,103.6
04/10/2022,102.45
04/11/2022,101.3
04/12/2022,105.3
04/13/2022,105.5
04/14/2022,97.53
04/15/2022,97.53
04/16/2022,97.53
04/17/2022,97.53
04/18/2022,97.53
04/19/2022,91.45
04/20/2022,96.53
04/21/2022,95.97
04/22/2022,95.97
04/23/2022,95.68
04/24/2022,95.39
04/25/2022,95.1
04/26/2022,93.23
04/27/2022,108.35
04/28/2022,99
04/29/2022,96.5
04/30/2022,96.5
05/01/2022,96.5
05/02/2022,96.5
05/03/2022,96.5
05/04/2022,102
05/05/2022,99
05/06/2022,90
05/07/2022,87.5
05/08/2022,85
05/09/2022,82.5
05/10/2022,81.75
05/11/2022,84
05/12/2022,93.5
05/13/2022,93
05/14/2022,92.63333333
05/15/2022,92.26666667
05/16/2022,91.9
05/17/2022,93.2
05/18/2022,91
05/19/2022,86.95
05/20/2022,86.5
05/21/2022,83.63333333
05/22/2022,80.76666667
05/23/2022,77.9
05/24/2022,79.5
05/25/2022,81.9
05/26/2022,82.25
05/27/2022,85
05/28/2022,86.06666667
05/29/2022,87.13333333
05/30/2022,88.2
05/31/2022,85.9
06/01/2022,79.35
06/02/2022,79.35
06/03/2022,79.35
06/04/2022,79.31666667
06/05/2022,79.28333333
06/06/2022,79.25
06/07/2022,79
06/08/2022,76.85
06/09/2022,82.6
06/10/2022,82
06/11/2022,81.66666667
06/12/2022,81.33333333
06/13/2022,81
06/14/2022,90.43
06/15/2022,116.55
06/16/2022,116.6
06/17/2022,120
06/18/2022,120.8333333
06/19/2022,121.6666667
06/20/2022,122.5
06/21/2022,124
06/22/2022,125.45
06/23/2022,127.35
06/24/2022,128
06/25/2022,128.5
06/26/2022,129
06/27/2022,129.5
06/28/2022,130
06/29/2022,139.6
06/30/2022,149.75
07/01/2022,148
07/02/2022,152.8666667
07/03/2022,157.7333333
07/04/2022,162.6
07/05/2022,162.25
07/06/2022,175
07/07/2022,185.2
07/08/2022,170
07/09/2022,168.9233333
07/10/2022,167.8466667
07/11/2022,166.77
07/12/2022,174.7
07/13/2022,182.6
07/14/2022,178.4
07/15/2022,154.25
07/16/2022,155.6666667
07/17/2022,157.0833333
07/18/2022,158.5
07/19/2022,151.6
07/20/2022,155.5
07/21/2022,150.5
07/22/2022,162.51
07/23/2022,164.53
07/24/2022,166.55
07/25/2022,168.57
07/26/2022,196.8
07/27/2022,205
07/28/2022,199.25
07/29/2022,191.75
07/30/2022,193.5
07/31/2022,195.25
08/01/2022,197
08/02/2022,204
08/03/2022,204
08/04/2022,202.2
08/05/2022,195
08/06/2022,194.1
08/07/2022,193.2
08/08/2022,192.3
08/09/2022,190
08/10/2022,205
08/11/2022,206.75
08/12/2022,205
08/13/2022,210.5
08/14/2022,216
08/15/2022,221.5
08/16/2022,225.08
08/17/2022,224.4
08/18/2022,236.5
08/19/2022,245
08/20/2022,254
08/21/2022,263
08/22/2022,272
08/23/2022,268.5
08/24/2022,293
08/25/2022,308.7
08/26/2022,330
08/27/2022,323
08/28/2022,316
08/29/2022,309
08/30/2022,254.5
08/31/2022,231.3
09/01/2022,226
09/02/2022,190.48
09/03/2022,199.52
09/04/2022,208.56
09/05/2022,217.6
09/06/2022,220
09/07/2022,208.3
09/08/2022,210.6
09/09/2022,191.7
09/10/2022,190.1333333
09/11/2022,188.5666667
09/12/2022,187
09/13/2022,194.5
09/14/2022,208
09/15/2022,190
09/16/2022,161.5
09/17/2022,162.6666667
09/18/2022,163.8333333
09/19/2022,165
09/20/2022,179
09/21/2022,178.8
09/22/2022,170
09/23/2022,168
09/24/2022,168.3333333
09/25/2022,168.6666667
09/26/2022,169
09/27/2022,207.8
09/28/2022,199.54
09/29/2022,179
09/30/2022,163.5
10/01/2022,153.14
10/02/2022,142.78
10/03/2022,132.42
10/04/2022,92
10/05/2022,91.57
10/06/2022,121
10/07/2022,105
10/08/2022,106.1666667
10/09/2022,107.3333333
10/10/2022,108.5
10/11/2022,99
10/12/2022,101.75
10/13/2022,85
10/14/2022,67
10/15/2022,64.83333333
10/16/2022,62.66666667
10/17/2022,60.5
10/18/2022,72.5
10/19/2022,63
10/20/2022,64
10/21/2022,38.6
10/22/2022,36.4
10/23/2022,34.2
10/24/2022,32
10/25/2022,40
10/26/2022,44.05
10/27/2022,35
10/28/2022,33.82
10/29/2022,32.03
10/30/2022,30.24
10/31/2022,28.45
11/01/2022,21
11/02/2022,42.5
11/03/2022,78
11/04/2022,59
11/05/2022,57.5
11/06/2022,56
11/07/2022,54.5
11/08/2022,92
11/09/2022,86
11/10/2022,87
11/11/2022,67.5
11/12/2022,81.66666667
11/13/2022,95.83333333
11/14/2022,110
11/15/2022,116
11/16/2022,102
11/17/2022,100
11/18/2022,105
11/19/2022,107.7333333
11/20/2022,110.4666667
11/21/2022,113.2
11/22/2022,121
11/23/2022,124.6
11/24/2022,118
11/25/2022,125.9
11/26/2022,125.9333333
11/27/2022,125.9666667
11/28/2022,126
11/29/2022,130
11/30/2022,139
12/01/2022,136
12/02/2022,132.85
12/03/2022,132.9
12/04/2022,132.95
12/05/2022,133
12/06/2022,140
12/07/2022,148
12/08/2022,136.75
12/09/2022,140.2
12/10/2022,139.1333333
12/11/2022,138.0666667
12/12/2022,137
12/13/2022,138.5
12/14/2022,133
12/15/2022,135.5
12/16/2022,119
12/17/2022,114.75
12/18/2022,110.5
12/19/2022,106.25
12/20/2022,104.7
12/21/2022,94.6
12/22/2022,89.5
12/23/2022,83
12/24/2022,83
12/25/2022,83
12/26/2022,83
12/27/2022,83
12/28/2022,79
12/29/2022,79.4
12/30/2022,75.57
12/31/2022,75.57
01/01/2023,75.57
01/02/2023,75.57
01/03/2023,71.81
01/04/2023,62.62
01/05/2023,63.7
01/06/2023,66.32
01/07/2023,68.14666667
01/08/2023,69.97333333
01/09/2023,71.8
01/10/2023,67
01/11/2023,62.7
01/12/2023,64.5
01/13/2023,63.3
01/14/2023,60.61666667
01/15/2023,57.93333333
01/16/2023,55.25
01/17/2023,59.6
01/18/2023,61.9
01/19/2023,61.25
01/20/2023,68.4
01/21/2023,67.26666667
01/22/2023,66.13333333
01/23/2023,65
01/24/2023,60.65
01/25/2023,56.8
01/26/2023,56.8
01/27/2023,55.47
01/28/2023,55.78
01/29/2023,56.09
01/30/2023,56.4
01/31/2023,59.25
02/01/2023,60
02/02/2023,58
02/03/2023,59.8
02/04/2023,59.47
02/05/2023,59.14
02/06/2023,58.81
02/07/2023,55.5
02/08/2023,55.5
02/09/2023,53.97
02/10/2023,53.92
02/11/2023,53.92
02/12/2023,53.92
02/13/2023,53.92
02/14/2023,53.06
02/15/2023,54.55
02/16/2023,51.7
02/17/2023,48.6
02/18/2023,49.36666667
02/19/2023,50.13333333
02/20/2023,50.9
02/21/2023,48.78
02/22/2023,50.75
02/23/2023,50.1
02/24/2023,52.7
02/25/2023,51.1
02/26/2023,49.5
02/27/2023,47.9
02/28/2023,48.6
03/01/2023,48.8
03/02/2023,47.9
03/03/2023,46.75
03/04/2023,45.76666667
03/05/2023,44.78333333
03/06/2023,43.8
03/07/2023,44.9
03/08/2023,42.95
03/09/2023,42.05
03/10/2023,54
03/11/2023,52.48333333
03/12/2023,50.96666667
03/13/2023,49.45
03/14/2023,45.3
03/15/2023,43.1
03/16/2023,42.45
03/17/2023,42.3
03/18/2023,41.21666667
03/19/2023,40.13333333
03/20/2023,39.05
03/21/2023,40.75
03/22/2023,39.6
03/23/2023,42.5
03/24/2023,42.5
03/25/2023,42.75
03/26/2023,43
03/27/2023,43.25
03/28/2023,42.22
03/29/2023,42.6
03/30/2023,42.85
03/31/2023,47.25
04/01/2023,48.8
04/02/2023,50.35
04/03/2023,51.9
04/04/2023,47.38
04/05/2023,45.35
04/06/2023,43.93
04/07/2023,43.93
04/08/2023,43.93
04/09/2023,43.93
04/10/2023,43.93
04/11/2023,44.4
04/12/2023,43.55
04/13/2023,42.9
04/14/2023,41.65
04/15/2023,41.91666667
04/16/2023,42.18333333
04/17/2023,42.45
04/18/2023,42.8
04/19/2023,40
04/20/2023,41.5
04/21/2023,40.3
04/22/2023,40.13333333
04/23/2023,39.96666667
04/24/2023,39.8
04/25/2023,40
04/26/2023,39
04/27/2023,39.03
04/28/2023,37.9
04/29/2023,37.9
04/30/2023,37.9
05/01/2023,37.9
05/02/2023,37.88
05/03/2023,36.5
05/04/2023,35.85
05/05/2023,36.5
05/06/2023,36.5
05/07/2023,36.5
05/08/2023,36.5
05/09/2023,35.8
05/10/2023,35.35
05/11/2023,34.65
05/12/2023,33.5
05/13/2023,32.86666667
05/14/2023,32.23333333
05/15/2023,31.6
05/16/2023,31.63
05/17/2023,31.3
05/18/2023,29.55
05/19/2023,28.75
05/20/2023,28.6
05/21/2023,28.45
05/22/2023,28.3
05/23/2023,28.3
05/24/2023,27.85
05/25/2023,24.9
05/26/2023,23.38
05/27/2023,23.38
05/28/2023,23.38
05/29/2023,23.38
05/30/2023,25.35
05/31/2023,26
06/01/2023,23.9
06/02/2023,23.3
06/03/2023,25.1
06/04/2023,26.9
06/05/2023,28.7
06/06/2023,25.35
06/07/2023,25.25
06/08/2023,26.75
06/09/2023,31.75
06/10/2023,30.93333333
06/11/2023,30.11666667
06/12/2023,29.3
06/13/2023,35.75
06/14/2023,38.35
06/15/2023,40.8
06/16/2023,33.3
06/17/2023,34.26666667
06/18/2023,35.23333333
06/19/2023,36.2
06/20/2023,36.2
06/21/2023,37.5
06/22/2023,34.25
06/23/2023,32.5
06/24/2023,32.56666667
06/25/2023,32.63333333
06/26/2023,32.7
06/27/2023,34.75
06/28/2023,34.63
06/29/2023,34.45
06/30/2023,37.1
07/01/2023,36.71666667
07/02/2023,36.33333333
07/03/2023,35.95
07/04/2023,34.1
07/05/2023,34.9
07/06/2023,32.1
07/07/2023,34.63
07/08/2023,33.53
07/09/2023,32.43
07/10/2023,31.33
07/11/2023,28.76
07/12/2023,27.98
07/13/2023,26.75
07/14/2023,25.7
07/15/2023,25.7
07/16/2023,25.7
07/17/2023,25.7
07/18/2023,27
07/19/2023,27.1
07/20/2023,26.6
07/21/2023,28.5
07/22/2023,28.93333333
07/23/2023,29.36666667
07/24/2023,29.8
07/25/2023,32.65
07/26/2023,32.33
07/27/2023,28.4
07/28/2023,26
07/29/2023,26.23333333
07/30/2023,26.46666667
07/31/2023,26.7
08/01/2023,26.15
08/02/2023,26.58
08/03/2023,28.63
08/04/2023,28.45
08/05/2023,28.81666667
08/06/2023,29.18333333
08/07/2023,29.55
08/08/2023,29.51
08/09/2023,38.05
08/10/2023,34.72
08/11/2023,31.7
08/12/2023,31.79333333
08/13/2023,31.88666667
08/14/2023,31.98
08/15/2023,36.3
08/16/2023,35.01
08/17/2023,33.4
08/18/2023,34.5
08/19/2023,36.15
08/20/2023,37.8
08/21/2023,39.45
08/22/2023,43.2
08/23/2023,36.5
08/24/2023,31.7
08/25/2023,36.1
08/26/2023,36.1
08/27/2023,36.1
08/28/2023,36.1
08/29/2023,35.2
08/30/2023,36.5
08/31/2023,31.75
09/01/2023,31.63
09/02/2023,31.42
09/03/2023,31.21
09/04/2023,31
09/05/2023,32.8
09/06/2023,30.83
09/07/2023,32.2
09/08/2023,34.65
09/09/2023,35.56666667
09/10/2023,36.48333333
09/11/2023,37.4
09/12/2023,35.45
09/13/2023,37.2
09/14/2023,35.1
09/15/2023,37.2
09/16/2023,36.24333333
09/17/2023,35.28666667
09/18/2023,34.33
09/19/2023,37.55
09/20/2023,38.35
09/21/2023,39.56
09/22/2023,40.65
09/23/2023,41.88333333
09/24/2023,43.11666667
09/25/2023,44.35
09/26/2023,39.9
09/27/2023,40
09/28/2023,39.53
09/29/2023,37.4
09/30/2023,35.83333333
10/01/2023,34.26666667
10/02/2023,32.7
10/03/2023,30.85
10/04/2023,32.55
10/05/2023,28.45
10/06/2023,33.55
10/07/2023,35.53333333
10/08/2023,37.51666667
10/09/2023,39.5
10/10/2023,45
10/11/2023,44.5
10/12/2023,48.65
10/13/2023,54.75
10/14/2023,52.33333333
10/15/2023,49.91666667
10/16/2023,47.5
10/17/2023,45.4
10/18/2023,47.1
10/19/2023,44.65
10/20/2023,46
10/21/2023,47.11666667
10/22/2023,48.23333333
10/23/2023,49.35
10/24/2023,47.9
10/25/2023,49.3
10/26/2023,48.2
10/27/2023,47.25
10/28/2023,47.5
10/29/2023,47.75
10/30/2023,48
10/31/2023,40.67
11/01/2023,36.3
11/02/2023,41.53
11/03/2023,40.75
11/04/2023,40.93333333
11/05/2023,41.11666667
11/06/2023,41.3
11/07/2023,42.5
11/08/2023,44.18
11/09/2023,42.65
11/10/2023,43
11/11/2023,42.26666667
11/12/2023,41.53333333
11/13/2023,40.8
11/14/2023,45.2
11/15/2023,45.7
11/16/2023,45.6
11/17/2023,45.2
11/18/2023,45.31666667
11/19/2023,45.43333333
11/20/2023,45.55
11/21/2023,43.7
11/22/2023,45.1
11/23/2023,46.08
11/24/2023,46.2
11/25/2023,45.55
11/26/2023,44.9
11/27/2023,44.25
11/28/2023,44.2
11/29/2023,41.28
11/30/2023,40.85
12/01/2023,43.94
12/02/2023,42.54333333
12/03/2023,41.14666667
12/04/2023,39.75
12/05/2023,38.1
12/06/2023,39
12/07/2023,40.25
12/08/2023,38.5
12/09/2023,37.7
12/10/2023,36.9
12/11/2023,36.1
12/12/2023,34.55
12/13/2023,34.9
12/14/2023,34.15
12/15/2023,31.6
12/16/2023,32.55
12/17/2023,33.5
12/18/2023,34.45
12/19/2023,31.65
12/20/2023,32.85
12/21/2023,33
12/22/2023,33.8
12/23/2023,33.8
12/24/2023,33.8
12/25/2023,33.8
12/26/2023,33.8
12/27/2023,33.85
12/28/2023,31.8
12/29/2023,31.85
12/30/2023,31.85
12/31/2023,31.85
01/01/2024,31.85
01/02/2024,28.8
01/03/2024,32
01/04/2024,32.95
01/05/2024,34.4
01/06/2024,33.4
01/07/2024,32.4
01/08/2024,31.4
01/09/2024,31
01/10/2024,31
01/11/2024,30.83
01/12/2024,31.75
01/13/2024,31.33333333
01/14/2024,30.91666667
01/15/2024,30.5
01/16/2024,30.15
01/17/2024,28.1
01/18/2024,28.75
01/19/2024,27.8
01/20/2024,27.53333333
01/21/2024,27.26666667
01/22/2024,27
01/23/2024,26.75
01/24/2024,28.55
01/25/2024,26.9
01/26/2024,28.2
01/27/2024,28.15
01/28/2024,28.1
01/29/2024,28.05
01/30/2024,29.75
01/31/2024,29.45
02/01/2024,28.55
02/02/2024,28.7
02/03/2024,28.4
02/04/2024,28.1
02/05/2024,27.8
02/06/2024,28.9
02/07/2024,28.58
02/08/2024,27.52
02/09/2024,26.8
02/10/2024,26.46666667
02/11/2024,26.13333333
02/12/2024,25.8
02/13/2024,25.35
02/14/2024,24.67
02/15/2024,24.6
02/16/2024,24.55
02/17/2024,24.2
02/18/2024,23.85
02/19/2024,23.5
02/20/2024,23.63
02/21/2024,23.85
02/22/2024,23.38
02/23/2024,23.35
02/24/2024,23.53333333
02/25/2024,23.71666667
02/26/2024,23.9
02/27/2024,24.83
02/28/2024,24.8
02/29/2024,24.88
03/01/2024,25.5
03/02/2024,26.05
03/03/2024,26.6
03/04/2024,27.15
03/05/2024,27.37
03/06/2024,25.8
03/07/2024,25.6
03/08/2024,26.53
03/09/2024,25.99
03/10/2024,25.45
03/11/2024,24.91
03/12/2024,25.18
03/13/2024,24.78
03/14/2024,25.4
03/15/2024,27
03/16/2024,27.53333333
03/17/2024,28.06666667
03/18/2024,28.6
03/19/2024,28.7
03/20/2024,27.25
03/21/2024,26.3
03/22/2024,27.33
03/23/2024,27.65333333
03/24/2024,27.97666667
03/25/2024,28.3
03/26/2024,27.05
03/27/2024,27.25
03/28/2024,27.5
03/29/2024,27.5
03/30/2024,27.5
03/31/2024,27.5
04/01/2024,27.5
04/02/2024,26.4
04/03/2024,25.92
04/04/2024,26.09
04/05/2024,26.3
04/06/2024,26.73333333
04/07/2024,27.16666667
04/08/2024,27.6
04/09/2024,27.55
04/10/2024,27.25
04/11/2024,29.27
04/12/2024,30.07
04/13/2024,30.41333333
04/14/2024,30.75666667
04/15/2024,31.1
04/16/2024,34.1
04/17/2024,31.75
04/18/2024,32.63
04/19/2024,31.05
04/20/2024,30.6
04/21/2024,30.15
04/22/2024,29.7
04/23/2024,29.23
04/24/2024,29.8
04/25/2024,30.5
04/26/2024,29
04/27/2024,28.58333333
04/28/2024,28.16666667
04/29/2024,27.75
04/30/2024,28.7
05/01/2024,28.5
05/02/2024,30.7
05/03/2024,30.1
05/04/2024,30.96666667
05/05/2024,31.83333333
05/06/2024,32.7
05/07/2024,31.4
05/08/2024,30.3
05/09/2024,30.8
05/10/2024,29.38
05/11/2024,29.18666667
05/12/2024,28.99333333
05/13/2024,28.8
05/14/2024,29.38
05/15/2024,29.5
05/16/2024,30
05/17/2024,30.75
05/18/2024,31.1
05/19/2024,31.45
05/20/2024,31.8
05/21/2024,33.15
05/22/2024,34.38
05/23/2024,35.67
05/24/2024,34.28
05/25/2024,34.43666667
05/26/2024,34.59333333
05/27/2024,34.75
05/28/2024,33.8
05/29/2024,34.33
05/30/2024,35.1
05/31/2024,34.21
06/01/2024,34.84
06/02/2024,35.47
06/03/2024,36.1
06/04/2024,33.88
06/05/2024,33.25
06/06/2024,33.35
06/07/2024,33
06/08/2024,33.55
06/09/2024,34.1
06/10/2024,34.65
06/11/2024,33.93
06/12/2024,35.03
06/13/2024,35.42
06/14/2024,35.03
06/15/2024,34.73666667
06/16/2024,34.44333333
06/17/2024,34.15
06/18/2024,34.2
06/19/2024,35.08
06/20/2024,34.2
06/21/2024,33.7
06/22/2024,33.86666667
06/23/2024,34.03333333
06/24/2024,34.2
06/25/2024,34.61
06/26/2024,33.55
06/27/2024,34.16
06/28/2024,33.85
06/29/2024,33.56666667
06/30/2024,33.28333333
07/01/2024,33
07/02/2024,33.25
07/03/2024,32.4
07/04/2024,32.98
07/05/2024,32.73
07/06/2024,32.37666667
07/07/2024,32.02333333
07/08/2024,31.67
07/09/2024,30.84
07/10/2024,30.68
07/11/2024,30.82
07/12/2024,31.4
07/13/2024,31.28
07/14/2024,31.16
07/15/2024,31.04
07/16/2024,32.53
07/17/2024,31.52
07/18/2024,32.17
07/19/2024,31.63
07/20/2024,31.67
07/21/2024,31.71
07/22/2024,31.75
07/23/2024,31.3
07/24/2024,32.63
07/25/2024,31.7
07/26/2024,32.2
07/27/2024,32.66666667
07/28/2024,33.13333333
07/29/2024,33.6
07/30/2024,34.2
07/31/2024,34.96
08/01/2024,36.4
08/02/2024,36.4
08/03/2024,35.90333333
08/04/2024,35.40666667
08/05/2024,34.91
08/06/2024,36.05
08/07/2024,37.48
08/08/2024,39.15
08/09/2024,39.68
08/10/2024,39.42
08/11/2024,39.16
08/12/2024,38.9
08/13/2024,38.63
08/14/2024,38.25
08/15/2024,38.8
08/16/2024,38.9
08/17/2024,38.93333333
08/18/2024,38.96666667
08/19/2024,39
08/20/2024,37.15
08/21/2024,36.3
08/22/2024,36
08/23/2024,36.55
08/24/2024,36.55
08/25/2024,36.55
08/26/2024,36.55
08/27/2024,38.35
08/28/2024,38.65
08/29/2024,38.8
08/30/2024,39.6
08/31/2024,39.27666667
09/01/2024,38.95333333
09/02/2024,38.63
09/03/2024,37.1
09/04/2024,35.38
09/05/2024,35.65
09/06/2024,36.2
09/07/2024,36.36666667
09/08/2024,36.53333333
09/09/2024,36.7
09/10/2024,34.9
09/11/2024,36.15
09/12/2024,35.4
09/13/2024,36.03
09/14/2024,35.42
09/15/2024,34.81
09/16/2024,34.2
09/17/2024,35.05
09/18/2024,35
09/19/2024,32.63
09/20/2024,34.58
09/21/2024,35.19333333
09/22/2024,35.80666667
09/23/2024,36.42
09/24/2024,36.3
09/25/2024,37.4
09/26/2024,37.5
09/27/2024,38.63
09/28/2024,38.55333333
09/29/2024,38.47666667
09/30/2024,38.4
10/01/2024,38.88
10/02/2024,38.5
10/03/2024,39.5
10/04/2024,40.18
10/05/2024,40.12
10/06/2024,40.06
10/07/2024,40
10/08/2024,37.95
10/09/2024,37.9
10/10/2024,40.01
10/11/2024,39.65
10/12/2024,39.87666667
10/13/2024,40.10333333
10/14/2024,40.33
10/15/2024,39.25
10/16/2024,38.65
10/17/2024,39.3
10/18/2024,38.8
10/19/2024,39.16
10/20/2024,39.52
10/21/2024,39.88
10/22/2024,40.93
10/23/2024,41.05
10/24/2024,42.08
10/25/2024,42.93
10/26/2024,42.67
10/27/2024,42.41
10/28/2024,42.15
10/29/2024,42.53
10/30/2024,40.65
10/31/2024,39.6
11/01/2024,38.25
11/02/2024,38.93333333
11/03/2024,39.61666667
11/04/2024,40.3
11/05/2024,40.25
11/06/2024,40.5
11/07/2024,41.05
11/08/2024,41.72
11/09/2024,42.43
11/10/2024,43.14
11/11/2024,43.85
11/12/2024,43.7
11/13/2024,43.73
11/14/2024,45.95
11/15/2024,45.6
11/16/2024,46.05
11/17/2024,46.5
11/18/2024,46.95
11/19/2024,45.65
11/20/2024,46.65
11/21/2024,48.53
11/22/2024,46.53
11/23/2024,46.83
11/24/2024,47.13
11/25/2024,47.43
11/26/2024,46.6
11/27/2024,46.6
11/28/2024,46.63
11/29/2024,46.98
11/30/2024,47.47666667
12/01/2024,47.97333333
12/02/2024,48.47
12/03/2024,48.4
12/04/2024,46.75
12/05/2024,46.37
12/06/2024,46.3
12/07/2024,45.85
12/08/2024,45.4
12/09/2024,44.95
12/10/2024,45.5
12/11/2024,44.84
12/12/2024,42.8
12/13/2024,41.25
12/14/2024,40.78333333
12/15/2024,40.31666667
12/16/2024,39.85
12/17/2024,41.35
12/18/2024,40.7
12/19/2024,42.65
12/20/2024,43.55
12/21/2024,44.11
12/22/2024,44.67
12/23/2024,45.23
12/24/2024,46.3
12/25/2024,46.3
12/26/2024,46.3
12/27/2024,47.65
12/28/2024,47.62666667
12/29/2024,47.60333333
12/30/2024,47.58
12/31/2024,48.55
01/01/2025,48.55
01/02/2025,49.83
01/03/2025,49.5
01/04/2025,48.62666667
01/05/2025,47.75333333
01/06/2025,46.88
01/07/2025,47.58
01/08/2025,45.8
01/09/2025,45.5
01/10/2025,45.83
01/11/2025,46.98
01/12/2025,48.13
01/13/2025,49.28
01/14/2025,47.4
01/15/2025,47.28
01/16/2025,46.7
01/17/2025,48.38
01/18/2025,48.78666667
01/19/2025,49.19333333
01/20/2025,49.6
01/21/2025,50.5
01/22/2025,48.78
01/23/2025,48.7
01/24/2025,49.4
01/25/2025,48.83333333
01/26/2025,48.26666667
01/27/2025,47.7
01/28/2025,48.35
01/29/2025,51.4
01/30/2025,51.35
01/31/2025,54
02/01/2025,53.92666667
02/02/2025,53.85333333
02/03/2025,53.78
02/04/2025,52.45
02/05/2025,53.76
02/06/2025,54.3
02/07/2025,55.7
02/08/2025,56.65
02/09/2025,57.6
02/10/2025,58.55
02/11/2025,57.4
02/12/2025,55.85
02/13/2025,51.83
02/14/2025,51.33
02/15/2025,50.40333333
02/16/2025,49.47666667
02/17/2025,48.55
02/18/2025,49.67
02/19/2025,47.65
02/20/2025,47.55
02/21/2025,46.7
02/22/2025,46.86666667
02/23/2025,47.03333333
02/24/2025,47.2
02/25/2025,43.7
02/26/2025,41.3
02/27/2025,45.3
02/28/2025,44.55
03/01/2025,44.8
03/02/2025,45.05
03/03/2025,45.3
03/04/2025,43.05
03/05/2025,40.95
03/06/2025,37.8
03/07/2025,39.3
03/08/2025,39.98333333
03/09/2025,40.66666667
03/10/2025,41.35
03/11/2025,43.38
03/12/2025,43.38
03/13/2025,41.05
03/14/2025,42.15
03/15/2025,41.76666667
03/16/2025,41.38333333
03/17/2025,41
03/18/2025,40.3
03/19/2025,42.67
03/20/2025,42.25
03/21/2025,42.17
03/22/2025,42.00666667
03/23/2025,41.84333333
03/24/2025,41.68
03/25/2025,41.68
03/26/2025,40.68
03/27/2025,41
03/28/2025,40.03
03/29/2025,40.28
03/30/2025,40.53
03/31/2025,40.78
04/01/2025,42.67
04/02/2025,41
04/03/2025,39.6
04/04/2025,36.72
04/05/2025,36.74666667
04/06/2025,36.77333333
04/07/2025,36.8
04/08/2025,35.58
04/09/2025,33.71
04/10/2025,33.5
04/11/2025,33.5
04/12/2025,33.76666667
04/13/2025,34.03333333
04/14/2025,34.3
